group,total_gain,defeated_enemies,gain_enemy_1,player_life_enemy_1,enemy_life_enemy_1,time_enemy_1,fitness_enemy_1,gain_enemy_2,player_life_enemy_2,enemy_life_enemy_2,time_enemy_2,fitness_enemy_2,gain_enemy_3,player_life_enemy_3,enemy_life_enemy_3,time_enemy_3,fitness_enemy_3,gain_enemy_4,player_life_enemy_4,enemy_life_enemy_4,time_enemy_4,fitness_enemy_4,gain_enemy_5,player_life_enemy_5,enemy_life_enemy_5,time_enemy_5,fitness_enemy_5,gain_enemy_6,player_life_enemy_6,enemy_life_enemy_6,time_enemy_6,fitness_enemy_6,gain_enemy_7,player_life_enemy_7,enemy_life_enemy_7,time_enemy_7,fitness_enemy_7,gain_enemy_8,player_life_enemy_8,enemy_life_enemy_8,time_enemy_8,fitness_enemy_8
group_1,-243.9999999999994,3,-100,0,100,322,-5.7745515455444085,68,68,0,185,91.57964417492167,-80.0,0,80.0,126,13.163718093048523,-90.0,0,90.0,143,4.037155369740093,-50.0,0,50.0,380,39.05982874727957,-90.0,0,90.0,188,3.7635580371700508,50.80000000000031,50.80000000000031,0,202,89.77173230259882,47.2000000000003,47.2000000000003,0,275,89.10322890233346
group_2,-202.5999999999994,3,-100,0,100,322,-5.7745515455444085,76,76,0,149,92.59605369405453,-70.0,0,70.0,83,22.581159392203404,-90.0,0,90.0,129,4.140187595638328,-40.0,0,40.0,646,47.5292004962174,-70.0,0,70.0,225,21.58389959779558,43.60000000000029,43.60000000000029,0,199,89.06669517527554,47.8000000000003,47.8000000000003,0,275,89.16322890233346
