gen,avg_distance
0,13.2857755231609
1,12.984756103738688
2,12.275005622899196
3,10.710349775353636
4,9.815043275873782
5,9.88682139649667
6,9.324575392807231
7,7.195290728602546
8,5.35072326025996
9,4.767282309533616
10,4.011335572512891
11,4.455808817520486
12,4.855118217135378
13,4.9602211323666925
14,3.5796338547056488
15,2.5872044011338877
16,2.0677626268524922
17,1.9189838647083717
18,1.4049264916918747
19,0.6348750885012977
20,0.23566731013141717
