gen,avg_distance
0,13.262804984241834
1,12.990743034243906
2,12.54850029254493
3,11.349410315701782
4,10.625223682647633
5,10.230254828353662
6,10.09360460610611
7,9.685519607307874
8,9.220472095704132
9,8.554111510271095
10,6.779937587573245
11,3.5685543058974063
12,2.526259725266434
13,3.8213640800314104
14,4.662387979761521
15,4.092323053333928
16,0.6701082538309782
17,0.029513390260915963
18,0.04047752824841246
19,0.08484479019509936
20,0.07351422279748607
