Generation,Avg_Scalar_Fitness,Max_Scalar_Fitness,Avg_Defeated_Enemies,Max_Defeated_Enemies,Avg_Gain,Max_Gain,Avg_Life,Max_Life,Avg_Time,Min_Time,Euclidean_Diversity,Std_Dev
0,30.502582443923306,488.09518874763927,0.295,3,25.940685344319053,251.15217279418727,49.071500000000206,151.20000000000056,1.1795678833492944e+20,1.7469187641688497e+18,13.257859923863041,0.575418393493052
1,114.8103887159214,488.09518874763927,0.605,3,-22.204987469568632,251.15217279418727,60.83800000000025,151.20000000000056,9.16606580864064e+19,8.577423821192038e+17,13.27174270676433,0.5758827621560387
2,211.7819664522884,520.1132313807751,1.0425,3,-81.55480936158845,251.15217279418727,73.02700000000029,154.40000000000043,7.40071258932609e+19,7.98289957660196e+17,13.256418646492213,0.5747651463797183
3,249.75817908222055,591.3020393794009,1.325,3,-99.91682908094853,251.15217279418727,79.25550000000031,167.80000000000058,2.3649946299994915e+19,4.3830808239528474e+17,13.27615813992973,0.5747303148151323
4,281.65463006637395,591.3020393794009,1.4975,3,-119.45271694569213,187.64919209980292,83.18350000000035,177.40000000000035,1.8416854930224941e+19,4.3830808239528474e+17,13.283403794021682,0.573690387908677
5,296.1421968696895,591.3020393794009,1.6525,3,-114.78787260994744,187.64919209980292,89.43200000000037,177.40000000000035,1.976889500316297e+19,4.3830808239528474e+17,13.281527512107797,0.5727896118391084
